artist,artist_mbid,album,album_mbid,track,track_mbid,timestamp,datetime
Led Zeppelin,678d88b2-87b0-403b-b63d-5da7465aecc3,Celebration Day,0188a64a-57f6-4200-821f-6d4f1dd081ef,"Good Times Bad Times - Live: O2 Arena, London - December 10, 2007",,1606353498,2020-11-26 01:18:18
Led Zeppelin,,The Complete BBC Sessions,,Since I've Been Loving You - 1/4/71 Paris Theatre; 2016 Remaster,,1606353008,2020-11-26 01:10:08
Led Zeppelin,,Led Zeppelin IV (Deluxe Edition),,Black Dog - Remaster,,1606352629,2020-11-26 01:03:49
Led Zeppelin,,Led Zeppelin III (Remaster),,Immigrant Song - Remaster,,1606352483,2020-11-26 01:01:23
Led Zeppelin,,Led Zeppelin II (1994 Remaster),,Whole Lotta Love - 1990 Remaster,,1606352150,2020-11-26 00:55:50
Audioslave,020bfbb4-05c3-4c86-b372-17825c262094,Revelations,01f4c33a-c7c2-496e-82e4-b1c99dce6e6b,Original Fire,0537a746-37ff-4bbf-a011-29113568323c,1606351714,2020-11-26 00:48:34
Audioslave,020bfbb4-05c3-4c86-b372-17825c262094,Audioslave,07fc4a1d-ae17-484f-a23b-10a6c8fc0b1d,I Am The Highway,01789893-7238-330b-aec5-04a97deea13f,1606351361,2020-11-26 00:42:41
Audioslave,020bfbb4-05c3-4c86-b372-17825c262094,Out of Exile,5b9d571c-6ad5-4d1f-a5f0-c98b7715a9d1,Doesn't Remind Me,01863dc1-6300-47f0-9739-a0a4d60cd848,1606351093,2020-11-26 00:38:13
Audioslave,020bfbb4-05c3-4c86-b372-17825c262094,Audioslave,07fc4a1d-ae17-484f-a23b-10a6c8fc0b1d,Show Me How To Live,05970f12-5a1a-3136-8b21-0f47db4f64b2,1606350681,2020-11-26 00:31:21
Audioslave,020bfbb4-05c3-4c86-b372-17825c262094,Audioslave,07fc4a1d-ae17-484f-a23b-10a6c8fc0b1d,Like a Stone,0181d73a-1a86-3b06-adf6-f7471dc00eeb,1606350388,2020-11-26 00:26:28
Velvet Revolver,3a528006-1429-47f4-ae9b-2ea95343e16a,Libertad,0fbed91a-d133-38bd-9496-954e197b8ff0,Mary Mary,0df39ce2-0be3-35e2-b641-6b9afc7851dc,1606349899,2020-11-26 00:18:19
Velvet Revolver,3a528006-1429-47f4-ae9b-2ea95343e16a,Libertad,0fbed91a-d133-38bd-9496-954e197b8ff0,Gravedancer,03a5ed8a-65f5-3ec2-8e48-cbc073df9329,1606349272,2020-11-26 00:07:52
Velvet Revolver,3a528006-1429-47f4-ae9b-2ea95343e16a,Libertad,0fbed91a-d133-38bd-9496-954e197b8ff0,Let It Roll,086c0d76-1a81-4807-be01-507bef137a42,1606349119,2020-11-26 00:05:19
Velvet Revolver,3a528006-1429-47f4-ae9b-2ea95343e16a,Contraband,0ede06df-457c-417e-a448-c69be12a0af5,Sucker Train Blues,0c8a9b70-bdfb-3cb7-9dfc-50474b72b161,1606348752,2020-11-25 23:59:12
Velvet Revolver,3a528006-1429-47f4-ae9b-2ea95343e16a,Libertad,0fbed91a-d133-38bd-9496-954e197b8ff0,The Last Fight,0ce69f0e-c80d-3158-b4df-b9c2bc2fd4b1,1606348509,2020-11-25 23:55:09
Velvet Revolver,3a528006-1429-47f4-ae9b-2ea95343e16a,Contraband,0ede06df-457c-417e-a448-c69be12a0af5,Dirty Little Thing,00321f67-1a2d-3b86-bfab-eca27785f046,1606348272,2020-11-25 23:51:12
Velvet Revolver,3a528006-1429-47f4-ae9b-2ea95343e16a,Libertad,0fbed91a-d133-38bd-9496-954e197b8ff0,She Builds Quick Machines,04e9caeb-6cb2-320b-b5c5-422f50b4d34b,1606347998,2020-11-25 23:46:38
Velvet Revolver,3a528006-1429-47f4-ae9b-2ea95343e16a,Contraband,0ede06df-457c-417e-a448-c69be12a0af5,Fall to Pieces,05ecdc1d-b8be-3028-a53f-9e42b78be043,1606347726,2020-11-25 23:42:06
Velvet Revolver,3a528006-1429-47f4-ae9b-2ea95343e16a,Contraband,0ede06df-457c-417e-a448-c69be12a0af5,Slither,081a5d3b-fdf4-42ba-bf06-25b0bbcf3738,1606347479,2020-11-25 23:37:59
Arch Enemy,e631bb92-3e2b-43e3-a2cb-b605e2fb53bd,War Eternal,3e399913-ad17-4117-9e5a-636d525ab50c,War Eternal,00d3838b-0de2-46dc-ba4c-cd138f5ec601,1606346741,2020-11-25 23:25:41
Jinjer,51b37017-859c-465e-8810-2d2dd41a401e,Macro,477b0332-cc60-4a60-a61c-6c163ae7566a,On the Top,ceacc5a4-3424-4ad7-88af-9edfbaaf3495,1606346522,2020-11-25 23:22:02
Arch Enemy,e631bb92-3e2b-43e3-a2cb-b605e2fb53bd,Doomsday Machine,08d4cffc-76c2-4834-a0c0-e75407888f9e,Nemesis,01ade287-9fad-433b-b8aa-d40a5366f0cc,1606346271,2020-11-25 23:17:51
Jinjer,51b37017-859c-465e-8810-2d2dd41a401e,Cloud Factory (Re-Issue),,Who Is Gonna Be the One,0538de48-b292-494c-b013-cedc03128fda,1606345738,2020-11-25 23:08:58
Arch Enemy,e631bb92-3e2b-43e3-a2cb-b605e2fb53bd,War Eternal,3e399913-ad17-4117-9e5a-636d525ab50c,Stolen Life,01dbc802-23f7-4fc9-9a28-dcbe56c86489,1606345443,2020-11-25 23:04:03
Ivy Crown,f67bf3e0-65cf-4cba-8990-e5971cd94b43,Echo,4cf50395-7b0f-4854-84ed-d23cfe312582,Not Who We Are,02e74a09-4cda-4e95-978b-4e2bf24b5aad,1606345324,2020-11-25 23:02:04
Jinjer,51b37017-859c-465e-8810-2d2dd41a401e,Micro,0ccb83fb-4bc4-4fce-976d-7e6ea914ad50,Perennial,5f66ac20-a96c-4e5f-aa39-b78a38eb06ec,1606345046,2020-11-25 22:57:26
The Agonist,d6d9ec73-d0dd-4066-944c-20d4a6d6c7c7,Prisoners,127b850a-735c-4969-be41-cea1bcd3029e,Panophobia,aec9f43f-c544-379a-933e-7b04b24fdfde,1606344813,2020-11-25 22:53:33
Jinjer,51b37017-859c-465e-8810-2d2dd41a401e,Macro,477b0332-cc60-4a60-a61c-6c163ae7566a,On the Top,ceacc5a4-3424-4ad7-88af-9edfbaaf3495,1606344430,2020-11-25 22:47:10
The Agonist,d6d9ec73-d0dd-4066-944c-20d4a6d6c7c7,Prisoners,127b850a-735c-4969-be41-cea1bcd3029e,You're Coming With Me,2d664849-9e1d-39dc-afe6-a6dd1fd30873,1606344045,2020-11-25 22:40:45
Jinjer,51b37017-859c-465e-8810-2d2dd41a401e,Cloud Factory (Re-Issue),,Outlander,1a68a1cf-9f7f-4a45-b7a7-3567eab05a55,1606343754,2020-11-25 22:35:54
Jinjer,51b37017-859c-465e-8810-2d2dd41a401e,King of Everything,2c9b8275-d352-4e10-949c-5df1629bc128,Dip a Sail,4eb9574d-9bcb-4e91-8664-f6e287a3b2cb,1606343429,2020-11-25 22:30:29
Scott Bradlee's Postmodern Jukebox,,The Essentials II,b02808a3-c21e-43bb-a7db-c09ef2edb3e3,Crazy Train,,1606327833,2020-11-25 18:10:33
Scott Bradlee's Postmodern Jukebox,,Sepia Is The New Orange,,Sex On Fire,,1606327467,2020-11-25 18:04:27
Scott Bradlee's Postmodern Jukebox,,Sepia Is The New Orange,,Somewhere Only We Know,,1606327136,2020-11-25 17:58:56
Scott Bradlee's Postmodern Jukebox,,Jazz Age Thirst Trap,0d8c5ef1-8dfb-4a94-b5d3-d9cfbf6474eb,Chandelier,,1606326799,2020-11-25 17:53:19
Scott Bradlee's Postmodern Jukebox,,"So, You Think You Can Sing? Vol. 5 (Official PMJ Karaoke Tracks)",47f2231f-4954-4529-8c0c-8efd698c885e,Welcome to the Black Parade - Karaoke Version,,1606326497,2020-11-25 17:48:17
Scott Bradlee's Postmodern Jukebox,,"BACK When They Called It Music: The '90s, Vol. 1",,Don't Look Back in Anger,,1606326146,2020-11-25 17:42:26
Scott Bradlee's Postmodern Jukebox,,"BACK When They Called It Music: The '90s, Vol. 1",,Nothing Else Matters,,1606325836,2020-11-25 17:37:16
Scott Bradlee's Postmodern Jukebox,,33 Resolutions Per Minute,b25e930f-3372-473a-a233-ed4bca82cef3,Bizarre Love Triangle,,1606325604,2020-11-25 17:33:24
Scott Bradlee's Postmodern Jukebox,,33 Resolutions Per Minute,b25e930f-3372-473a-a233-ed4bca82cef3,Mr Brightside,,1606325327,2020-11-25 17:28:47
Scott Bradlee's Postmodern Jukebox,,OK Crooner,,99 Luftballons,,1606325055,2020-11-25 17:24:15
Scott Bradlee's Postmodern Jukebox,,OK Crooner,,Last Nite,,1606324795,2020-11-25 17:19:55
Scott Bradlee's Postmodern Jukebox,,Squad Goals,95cd981b-ace8-42ef-9435-9bc958e68f3b,Roxanne,,1606324460,2020-11-25 17:14:20
The Oh Hellos,,Like The Dawn (David K. Radio Mix),,Like The Dawn - David K. Radio Mix,,1606324036,2020-11-25 17:07:16
Benjamin Francis Leftwich,b9e82c61-c1ec-4b42-9233-ca3567d2f2da,A Million Miles Out,7047a969-0911-430b-ada0-5760334843c5,Atlas Hands,291e58bf-bb24-3bfa-81d5-ea87825d3cd9,1606323864,2020-11-25 17:04:24
Faul & Wad Ad,,Changes,12aa2766-1325-4ff4-bebf-3ac036b19846,Changes - Original Mix,,1606322990,2020-11-25 16:49:50
Milky Chance,6d230d98-fb8d-4421-a6e8-daca4e55d53e,Stolen Dance,64767ddd-0c0c-40e3-bd9d-1f28c83f2a67,Stolen Dance,033e3cbd-7bff-4108-b097-6c7ce0bb8f68,1606322639,2020-11-25 16:43:59
Laura Veirs,8951c87f-f730-4247-b442-52ed14ad6a97,July Flame,743a447f-21df-4e1d-b230-4b6b814510dd,July Flame,355c0080-5654-3d7a-aa34-974ece0c6062,1606322413,2020-11-25 16:40:13
Eluveitie,8000598a-5edb-401c-8e6d-36b167feaf38,Ategnatos,45a8336a-9538-4124-92f3-090352dc146b,Ategnatos,2d180a18-101d-46cb-91ec-426069e0bd99,1606322070,2020-11-25 16:34:30
Eluveitie,8000598a-5edb-401c-8e6d-36b167feaf38,Helvetios,2ba162ca-47e5-431b-b5a7-260740850cdf,A Rose For Epona,07a087a3-ab23-44fe-a669-fa3d05b9e98a,1606321705,2020-11-25 16:28:25
Eluveitie,8000598a-5edb-401c-8e6d-36b167feaf38,Ategnatos,45a8336a-9538-4124-92f3-090352dc146b,Ambiramus,1c414c9c-2cdb-4d92-9c66-1a0fa42bcf39,1606321529,2020-11-25 16:25:29
Eluveitie,8000598a-5edb-401c-8e6d-36b167feaf38,Slania,18e666de-0cb9-4840-a78c-7f5a25812686,Inis Mona,032dcdba-a46d-3cd8-8b7a-e0b86bff2ce5,1606321279,2020-11-25 16:21:19
Eluveitie,8000598a-5edb-401c-8e6d-36b167feaf38,Origins,147ae89c-9dac-4254-ac82-c1ef3dc0ef2c,The Call of the Mountains,0fe9c686-bf80-4a21-9586-03556c30a044,1606321026,2020-11-25 16:17:06
Omnium Gatherum,9319e8ca-75f1-4d43-acba-eb31c9f1c38e,Beyond,157f14df-329a-4fef-ba99-fcaebfe6acac,The Unknowing,160be196-f44d-4858-a07a-3e5cdbaffad8,1606320517,2020-11-25 16:08:37
Unleash the Archers,a7c18d09-2197-4bff-98f2-cd87923be240,Demons of the AstroWaste,495014c5-bb8f-48e7-b0f3-c4166403a50c,General of the Dark Army,2f2a32e3-4c57-34fd-8e15-0ed1d059969b,1606320049,2020-11-25 16:00:49
Arch Enemy,e631bb92-3e2b-43e3-a2cb-b605e2fb53bd,War Eternal,3e399913-ad17-4117-9e5a-636d525ab50c,No More Regrets,5ebadea9-1f0b-4f33-8b02-18425808fc12,1606319421,2020-11-25 15:50:21
Children of Bodom,,Hexed (Deluxe Version),,This Road,,1606319055,2020-11-25 15:44:15
deadmau5,4a00ec9d-c635-463a-8cd4-eb61725f0c60,W:/2016ALBUM/,054600b2-60cc-4c2c-9b0c-bac7de920b17,4ware,20bf4425-aa64-45c9-b4ed-37eb3c043a57,1606264555,2020-11-25 00:35:55
Monolink,,Father Ocean,,Father Ocean - Ben Böhmer Remix Edit,,1606264249,2020-11-25 00:30:49
deadmau5,4a00ec9d-c635-463a-8cd4-eb61725f0c60,The Veldt,1d5ecbd9-1e98-4609-9ed5-b92017882d00,The Veldt - Radio Edit,1c3f8d9a-c0de-4b3d-a711-617168b90c25,1606264078,2020-11-25 00:27:58
Jan Blomqvist,cccd1fad-a7bb-4a79-90d1-a2d7e1f8db17,The Space in Between (Ben Böhmer Remix),,The Space in Between - Ben Böhmer Remix,5864c07f-1d29-4203-bbae-f24a01930d4b,1606263833,2020-11-25 00:23:53
Ben Böhmer,e4f12dfc-1ee7-4250-8e24-549b6d46676d,Cappadocia,,Cappadocia,,1606263551,2020-11-25 00:19:11
Monolink,,Father Ocean,,Father Ocean - Ben Böhmer Remix Edit,,1606263232,2020-11-25 00:13:52
Ben Böhmer,e4f12dfc-1ee7-4250-8e24-549b6d46676d,Breathing,31542e2b-a7ad-4259-ab5b-f4bf22ff4e2c,Breathing,,1606262918,2020-11-25 00:08:38
Dash Berlin,ccfa0410-bd90-4fd1-ab85-8995a57e265b,The New Daylight (Bonus Track Version),,End Of Silence,,1606262555,2020-11-25 00:02:35
Dash Berlin,ccfa0410-bd90-4fd1-ab85-8995a57e265b,The New Daylight (Bonus Track Version),,The Night Time,050e0401-332d-311d-b59f-786e2a0f3281,1606262334,2020-11-24 23:58:54
Dash Berlin,ccfa0410-bd90-4fd1-ab85-8995a57e265b,Till the Sky Falls Down,21f4069d-c19f-48d5-b4f5-308bd3ea5e30,Till The Sky Falls Down,049f02d5-d564-3c31-aa56-76b9964eda7e,1606262038,2020-11-24 23:53:58
Dash Berlin,ccfa0410-bd90-4fd1-ab85-8995a57e265b,The New Daylight,b33e20af-a507-4d04-87eb-f257e8aafcc8,Renegade,,1606261727,2020-11-24 23:48:47
Armin van Buuren,477b8c0c-c5fc-4ad2-b5b2-191f0bf2a9df,Again,4c2d4f67-1c1f-4a39-8ee2-437a52847f80,Again - Armin van Buuren Remix,,1606261538,2020-11-24 23:45:38
Paul van Dyk,,Trance Classics By Johan Gielen,,For An Angel 2009 - Radio Mix 2009,,1606261024,2020-11-24 23:37:04
Paul van Dyk,092ca127-2e07-4cbd-9cba-e412b4ddddd9,Shine Ibiza Anthem 2019,,Shine Ibiza Anthem 2019,,1606261024,2020-11-24 23:37:04
Paul van Dyk,,Trance Classics By Johan Gielen,,For An Angel 2009 - Radio Mix 2009,,1606260843,2020-11-24 23:34:03
Epica,,The Holographic Principle,58f571ee-c464-4ff2-bdab-83dbe31075b5,Edge of the Blade,06b44386-8470-47b7-87cf-5cedb9f7caf7,1606260553,2020-11-24 23:29:13
Haggard,4ea2fd64-834c-4d78-8f4c-2a900c439031,Tales of Thiria,,Chapter II: Upon Fallen Autumn Leaves,0cbe5a2b-b616-4f8c-a0bb-9bb44752ff91,1606260152,2020-11-24 23:22:32
Epica,,The Holographic Principle,58f571ee-c464-4ff2-bdab-83dbe31075b5,Ascension - Dream State Armageddon,,1606259891,2020-11-24 23:18:11
Haggard,4ea2fd64-834c-4d78-8f4c-2a900c439031,Awaking The Centuries,173cce6b-84da-4eba-880e-9a96048c8b4a,Prophecy Fulfilled / And the Dark Night Entered,3ab5659a-7c43-3a1b-ac9d-1a0d5d3d0566,1606259474,2020-11-24 23:11:14
Haggard,4ea2fd64-834c-4d78-8f4c-2a900c439031,And Thou Shalt Trust the Seer,,In a Pale Moon´s Shadow (Chapter III),,1606259119,2020-11-24 23:05:19
Epica,,The Holographic Principle,58f571ee-c464-4ff2-bdab-83dbe31075b5,Beyond the Matrix,11795ea1-4857-4048-b8ee-385643651203,1606258666,2020-11-24 22:57:46
Haggard,4ea2fd64-834c-4d78-8f4c-2a900c439031,Awaking The Centuries,173cce6b-84da-4eba-880e-9a96048c8b4a,Awaking the Centuries,3448a260-c2ec-3db1-bc48-19028ea67662,1606258056,2020-11-24 22:47:36
Haggard,4ea2fd64-834c-4d78-8f4c-2a900c439031,Awaking The Centuries,173cce6b-84da-4eba-880e-9a96048c8b4a,In a Fullmoon Procession,26e5c0a9-d612-3280-b55a-b7a6922d1ae2,1606257705,2020-11-24 22:41:45
Epica,,The Holographic Principle,58f571ee-c464-4ff2-bdab-83dbe31075b5,The Cosmic Algorithm,332b00c3-ff64-4d92-b888-7e3a7ac26f24,1606257705,2020-11-24 22:41:45
Haggard,4ea2fd64-834c-4d78-8f4c-2a900c439031,Awaking The Centuries,173cce6b-84da-4eba-880e-9a96048c8b4a,In a Fullmoon Procession,26e5c0a9-d612-3280-b55a-b7a6922d1ae2,1606257388,2020-11-24 22:36:28
Trivium,1f5ff245-2837-4d4a-a609-e93e544478c3,The Sin And The Sentence,133005c4-e92a-44d3-a5a2-4f888a2cbc7b,Beyond Oblivion,6198367e-7246-48f9-8c8b-14ec5cc33863,1606236423,2020-11-24 16:47:03
The Agonist,d6d9ec73-d0dd-4066-944c-20d4a6d6c7c7,Once Only Imagined,093549b7-2586-421e-833a-3cec340d0694,Business Suits and Combat Boots,03a5e11d-9855-382c-8b27-8b8956bc8498,1606234099,2020-11-24 16:08:19
Children of Bodom,f57e14e4-b030-467c-b202-539453f504ec,Hexed (Deluxe Version),,Under Grass and Clover,2751dfcd-ff3e-4d3e-b6c5-b3e5b799792f,1606233829,2020-11-24 16:03:49
Epica,,The Holographic Principle,58f571ee-c464-4ff2-bdab-83dbe31075b5,Universal Death Squad,177b2eae-948a-4176-8584-e368d8462cf3,1606233369,2020-11-24 15:56:09
The Agonist,d6d9ec73-d0dd-4066-944c-20d4a6d6c7c7,Orphans,2c970291-04ef-4429-96d2-c35ddcd55f73,In Vertigo,3aa1b304-3e9d-4aa1-84dc-c5f843bb342c,1606232961,2020-11-24 15:49:21
Greta Van Fleet,0be22557-d8c7-4706-a531-625c4c570162,From The Fires,1d2a4612-587f-4cf6-9c8a-8136aa2763dd,Highway Tune,1027a8a0-a8b1-43de-9059-eccb6863a62f,1606176627,2020-11-24 00:10:27
Greta Van Fleet,0be22557-d8c7-4706-a531-625c4c570162,From The Fires,1d2a4612-587f-4cf6-9c8a-8136aa2763dd,Safari Song,6a158855-8789-4adf-8727-298a42746a86,1606176391,2020-11-24 00:06:31
Greta Van Fleet,0be22557-d8c7-4706-a531-625c4c570162,From The Fires,1d2a4612-587f-4cf6-9c8a-8136aa2763dd,Edge of Darkness,14f39b45-5cbf-4516-be03-cb8123c3fb98,1606176123,2020-11-24 00:02:03
Greta Van Fleet,0be22557-d8c7-4706-a531-625c4c570162,Anthem of the Peaceful Army,0047500a-c1ff-45b4-97ae-67c59166c646,Watching Over,0dfc30aa-b260-47f3-a5f7-7c2f3b6ab34b,1606175792,2020-11-23 23:56:32
Greta Van Fleet,0be22557-d8c7-4706-a531-625c4c570162,Anthem of the Peaceful Army,0047500a-c1ff-45b4-97ae-67c59166c646,The New Day,0def50ff-de1f-43ca-8f69-f22d327fa78a,1606175572,2020-11-23 23:52:52
Greta Van Fleet,0be22557-d8c7-4706-a531-625c4c570162,Spotify Singles,765f2c9f-8ea6-4c0a-98de-c371ccdab42a,Black Smoke Rising - Recorded At Spotify Studios NYC,,1606175191,2020-11-23 23:46:31
Greta Van Fleet,0be22557-d8c7-4706-a531-625c4c570162,Anthem of the Peaceful Army,0047500a-c1ff-45b4-97ae-67c59166c646,Brave New World,09ec8ef0-1619-4187-a872-f8685f9984dd,1606174876,2020-11-23 23:41:16
Greta Van Fleet,0be22557-d8c7-4706-a531-625c4c570162,From The Fires,1d2a4612-587f-4cf6-9c8a-8136aa2763dd,Talk On The Street,07aaf357-479d-4381-83f3-ad4c0685fb14,1606174534,2020-11-23 23:35:34
Greta Van Fleet,0be22557-d8c7-4706-a531-625c4c570162,Anthem of the Peaceful Army,0047500a-c1ff-45b4-97ae-67c59166c646,When The Curtain Falls,07e527ce-c0e6-4376-95af-4cb109048800,1606174343,2020-11-23 23:32:23
Greta Van Fleet,0be22557-d8c7-4706-a531-625c4c570162,From The Fires,1d2a4612-587f-4cf6-9c8a-8136aa2763dd,A Change Is Gonna Come,48390278-3c7f-475e-901b-d199577640e3,1606174021,2020-11-23 23:27:01
Cercle,,,,"Joris Delacroix live @ Rooftop Piscine Molitor in Paris, France for Cercle",,1606161548,2020-11-23 19:59:08
Cercle,,,,Deborah de Luca @ Château de Chambord in France for Cercle,,1606159919,2020-11-23 19:31:59
Ben Böhmer feat. Jonah,e4f12dfc-1ee7-4250-8e24-549b6d46676d,,,Hunting,09566d66-4de7-4b29-a373-c5fb16b35647,1606159451,2020-11-23 19:24:11
"Ben Böhmer, Nils Hoffmann & Malou",,,,Breathing,,1606159127,2020-11-23 19:18:47
Jan Blomqvist,,,,The Space In Between (Ben Böhmer Remix),,1606158814,2020-11-23 19:13:34
Ben Böhmer,e4f12dfc-1ee7-4250-8e24-549b6d46676d,Live from Printworks London,,Ground Control,ddcf4763-fc42-4704-98c5-05dc210560db,1606158628,2020-11-23 19:10:28
Ben Böhmer,,,,ID,,1606158224,2020-11-23 19:03:44
Ben Böhmer feat Jan Blomqvist,,,,Decade,,1606157869,2020-11-23 18:57:49
Ben Böhmer & Monolink,e4f12dfc-1ee7-4250-8e24-549b6d46676d,,,Black Hole,808d8066-7197-462b-8c31-4f382dacc77d,1606157557,2020-11-23 18:52:37
Ben Böhmer,e4f12dfc-1ee7-4250-8e24-549b6d46676d,Promise You EP,0b7a7a47-d3a1-4920-a9f3-27e4bbfd6ca4,Submission,9d595648-7085-441d-ae39-3116916e0489,1606157250,2020-11-23 18:47:30
Ben Böhmer,e4f12dfc-1ee7-4250-8e24-549b6d46676d,,,Wall of Strings,48f62d28-0d94-47f8-bf88-4d0f41fa9767,1606156921,2020-11-23 18:42:01
Ben Böhmer,e4f12dfc-1ee7-4250-8e24-549b6d46676d,Anjunadeep 10,,In Memoriam,01055ba8-c133-45bb-91ba-009dcd56b242,1606156601,2020-11-23 18:36:41
The Gaslamp Killer,,,,Nissim (Ben Böhmer Remix),,1606156322,2020-11-23 18:32:02
Ben Böhmer,e4f12dfc-1ee7-4250-8e24-549b6d46676d,Breathing,31542e2b-a7ad-4259-ab5b-f4bf22ff4e2c,Maelstrom,328b664b-a812-43c2-9b5f-89416b815106,1606155947,2020-11-23 18:25:47
Ben Böhmer,,,,After Earth (VIP mix),,1606155588,2020-11-23 18:19:48
Ben Böhmer & Wood,e4f12dfc-1ee7-4250-8e24-549b6d46676d,Breathing,,Voyager 1,44caef7c-199e-4e93-9ba3-0648f7b97cb0,1606155298,2020-11-23 18:14:58
Ben Böhmer,e4f12dfc-1ee7-4250-8e24-549b6d46676d,Vom Menschen,,Purple Line,575b840e-f07b-460d-abfb-76f70e33f6b6,1606154967,2020-11-23 18:09:27
Monolink,,sunshine live Vol. 67,,Father Ocean (Ben Böhmer Remix),,1606154619,2020-11-23 18:03:39
Omnium Gatherum,9319e8ca-75f1-4d43-acba-eb31c9f1c38e,Chaospace,80a99d0e-2e7c-4f51-aa8e-800938b556b2,Chaospace,21d82352-5d63-4e75-89c0-73851d45b8db,1606149335,2020-11-23 16:35:35
Omnium Gatherum,9319e8ca-75f1-4d43-acba-eb31c9f1c38e,New World Shadows,7cce37fe-4424-4a40-8f4f-0c44522cc284,Soul Journeys,42ab7ce5-b5b9-3b94-ab30-76776a632a5c,1606146659,2020-11-23 15:50:59
Omnium Gatherum,9319e8ca-75f1-4d43-acba-eb31c9f1c38e,Grey Heavens,3bc84b99-88db-4bee-8d23-93c2bc8554b5,Foundation,18a8e227-0cb5-444c-af3a-839a3ea95eb0,1606146177,2020-11-23 15:42:57
Omnium Gatherum,9319e8ca-75f1-4d43-acba-eb31c9f1c38e,New World Shadows,7cce37fe-4424-4a40-8f4f-0c44522cc284,Ego,03c16658-6c21-3f3d-9a75-35fa4e2355ad,1606145868,2020-11-23 15:37:48
The Skatalites,87ac7e25-f278-47a0-b109-5eb131dc96b6,Return of the Big Guns,72891d3e-07e4-41d7-9eef-75aba44c8bde,After The Rain,531ade5b-6d69-3cf6-8f7b-4d90be9900c1,1606092552,2020-11-23 00:49:12
The Skatalites,87ac7e25-f278-47a0-b109-5eb131dc96b6,Greetings From Skamania,2d7cffe8-d207-499d-b7ce-e9b17ccad3a9,Wood and Water,ec932825-48a7-36e6-a473-1e8015c2c5a7,1606092218,2020-11-23 00:43:38
The Skatalites,87ac7e25-f278-47a0-b109-5eb131dc96b6,Treasure Isle,c806dcc6-1bdf-4dd1-9073-ed6683013ff4,I Will Always Love You,6bd42b68-c39c-362d-9bdc-e1955e1e01cc,1606091910,2020-11-23 00:38:30
The Skatalites,87ac7e25-f278-47a0-b109-5eb131dc96b6,Lucky Seven,3a7bc50c-8e1e-41b4-afc6-bf34e2530bf2,Twelve Minutes to Go,09532e65-84bf-371e-b2d5-adefd8834047,1606091720,2020-11-23 00:35:20
The Skatalites,87ac7e25-f278-47a0-b109-5eb131dc96b6,From Paris With Love,30770fdd-4337-365b-bf58-d55f56fd7762,African Beat,252c4eda-e36f-3372-ad22-c8ec1d7c1989,1606091029,2020-11-23 00:23:49
The Skatalites,87ac7e25-f278-47a0-b109-5eb131dc96b6,On The Right Track,d323f64f-b442-466f-969a-4f589a3c0f8f,Shock Trail,2a729097-257c-360e-b312-07c4c8576b7c,1606090824,2020-11-23 00:20:24
The Skatalites,87ac7e25-f278-47a0-b109-5eb131dc96b6,On The Right Track,d323f64f-b442-466f-969a-4f589a3c0f8f,Bye Bye,30734781-0555-3ea7-96ad-0cec009e71b2,1606090596,2020-11-23 00:16:36
The Skatalites,87ac7e25-f278-47a0-b109-5eb131dc96b6,On The Right Track,d323f64f-b442-466f-969a-4f589a3c0f8f,Little Irene,488f4297-7f4b-3f51-912a-57f6e97983a3,1606090377,2020-11-23 00:12:57
The Skatalites,87ac7e25-f278-47a0-b109-5eb131dc96b6,On The Right Track,d323f64f-b442-466f-969a-4f589a3c0f8f,June Rose,f4c73179-8373-31ad-80bb-24f26926b8bf,1606090149,2020-11-23 00:09:09
The Skatalites,87ac7e25-f278-47a0-b109-5eb131dc96b6,On The Right Track,d323f64f-b442-466f-969a-4f589a3c0f8f,Uluru Rock,e8850967-8fde-34c2-a603-7a6a671a3e68,1606089831,2020-11-23 00:03:51
The Skatalites,87ac7e25-f278-47a0-b109-5eb131dc96b6,On The Right Track,d323f64f-b442-466f-969a-4f589a3c0f8f,Right Track,3c451900-9f39-34ba-a603-6c11466362ba,1606089610,2020-11-23 00:00:10
The Skatalites,87ac7e25-f278-47a0-b109-5eb131dc96b6,On The Right Track,d323f64f-b442-466f-969a-4f589a3c0f8f,Marguerita's Lament,ab53ba5f-09ae-383e-9c22-0f084a86d026,1606089100,2020-11-22 23:51:40
The Skatalites,87ac7e25-f278-47a0-b109-5eb131dc96b6,On The Right Track,d323f64f-b442-466f-969a-4f589a3c0f8f,Doreen Special,13423f47-0251-3110-85ee-6209b75dd4f6,1606088885,2020-11-22 23:48:05
Music Is My Occupation,,,,The Skatalites,,1606088697,2020-11-22 23:44:57
Jinjer,,,,Perennial (Live at Wacken Open Air 2019),,1606084431,2020-11-22 22:33:51
Jinjer,,,,Who is gonna be the one (live),,1606084105,2020-11-22 22:28:25
Unleash the Archers,,,,Awakening (Full Band Playthrough Video),,1606083576,2020-11-22 22:19:36
Wintersun,,,,Time (TIME I Live Rehearsals At Sonic Pump Studios) REMASTER,,1606082662,2020-11-22 22:04:22
Be'lakor,bc9ffd36-64be-4d41-8034-473f4b524159,,,The Smoke Of Many Fires,4cc3f842-990e-4ba7-9c14-3e1dc7754d37,1606082090,2020-11-22 21:54:50
Aetherian,d109fccb-7894-4de2-a0d9-4bdc11dd5caf,The Untamed Wilderness,1720938e-5dba-447a-942b-39f07cd4497c,The Rain,3f08d1ae-6657-48f5-9402-3066ddd88af2,1606081747,2020-11-22 21:49:07
Sonata Arctica,319b1175-ced9-438f-986b-9239c3edd92d,Ecliptica,1758a6fb-b2b6-4cc7-b27d-07d9015953aa,FullMoon,0186a8e4-86a6-3267-924d-b6c76c1d9c4b,1606081324,2020-11-22 21:42:04
Insomnium,c1f8e226-75ea-4fe6-83ce-59c122bcbca4,Shadows Of The Dying Sun,58941163-302b-4f4c-b66f-56ed96a4def4,While We Sleep,39650fc7-91ab-4a1d-9163-e561bad20009,1606080910,2020-11-22 21:35:10
Vicky Psarakis & Quentin Cornet,,,,Only For The Weak,,1606080590,2020-11-22 21:29:50
CHON,d7235f31-229a-4c04-abca-14e0fbcba26e,Grow,b51327e5-9771-4d21-8c12-ade48d01712d,Story,539a8588-97c9-4af9-a6e5-3a6feb2d8166,1606080330,2020-11-22 21:25:30
CHON,d7235f31-229a-4c04-abca-14e0fbcba26e,Grow,b51327e5-9771-4d21-8c12-ade48d01712d,Splash,03976ccf-8348-4f31-9d83-345779e20f7b,1606080140,2020-11-22 21:22:20
CHON,,,,Bubble Dream (Guitar Playthrough),,1606079918,2020-11-22 21:18:38
Polyphia,344bfb00-27f0-4ff2-b96b-048ed1c6a968,Renaissance,7f0fbf6d-4f40-47be-8379-6f4c948f4600,Nightmare,59cf7a0c-8f7b-4dfb-96da-81a53827326e,1606079672,2020-11-22 21:14:32
Polyphia,344bfb00-27f0-4ff2-b96b-048ed1c6a968,Muse,65c053d1-03b7-48cb-82a9-e7dd81362ecc,James Franco,9daf8aa0-fe97-472c-bbfd-79ecd4e98328,1606079462,2020-11-22 21:11:02
Polyphia,344bfb00-27f0-4ff2-b96b-048ed1c6a968,Renaissance,7f0fbf6d-4f40-47be-8379-6f4c948f4600,Crush,3d0f8c20-f9da-42f4-ab59-fc3992142b8c,1606079212,2020-11-22 21:06:52
Polyphia,344bfb00-27f0-4ff2-b96b-048ed1c6a968,Renaissance,7f0fbf6d-4f40-47be-8379-6f4c948f4600,Euphoria,23cae386-9cb2-4bea-b569-5edc1ffc581f,1606078966,2020-11-22 21:02:46
CHON,d7235f31-229a-4c04-abca-14e0fbcba26e,Homey,55063ae9-a6c2-443c-bdf6-e412e5e1ce9e,Waterslide,32204bb6-e8e9-489e-9fcf-93d07ea4c613,1606078746,2020-11-22 20:59:06
Parcels,,,,Lightenup,,1606078395,2020-11-22 20:53:15
Parcels,,,,Tieduprightnow,,1606078126,2020-11-22 20:48:46
The Strokes,f181961b-20f7-459e-89de-920ef03c7ed0,Angles,27d4ace4-df6a-388d-975a-0d8ffd908e57,Call Me Back,1920f704-67a6-379e-a169-e3541d796ece,1606077920,2020-11-22 20:45:20
The Strokes,f181961b-20f7-459e-89de-920ef03c7ed0,Future Present Past,2a28ca0b-e101-4cc7-9b6c-fd3387d43ed8,Oblivius,3a9ab9aa-ef76-462c-b743-e489bbcda6fc,1606077629,2020-11-22 20:40:29
The Strokes,f181961b-20f7-459e-89de-920ef03c7ed0,Future Present Past,2a28ca0b-e101-4cc7-9b6c-fd3387d43ed8,Threat Of Joy,89c79068-eabc-465a-a07c-bb5c6312f524,1606077325,2020-11-22 20:35:25
The Strokes,f181961b-20f7-459e-89de-920ef03c7ed0,First Impressions of Earth,04d947c3-83c8-3d12-96cd-802c64aea532,You Only Live Once,098d9d7f-6c0d-36a9-921d-d3b5617f2c55,1606077134,2020-11-22 20:32:14
The Strokes,f181961b-20f7-459e-89de-920ef03c7ed0,Someday,15a86373-3a2f-41f9-bc42-233217d6ff1f,Someday,0000068e-0b79-4b50-a04e-a7c5aed44cd7,1606076946,2020-11-22 20:29:06
The Strokes,f181961b-20f7-459e-89de-920ef03c7ed0,Bad Decisions,c3fe77cf-5896-4090-8633-c239af73546c,Bad Decisions,3c0507a2-26a1-49a2-b26e-9202b6c69f6f,1606076605,2020-11-22 20:23:25
Insomnium,c1f8e226-75ea-4fe6-83ce-59c122bcbca4,In the Halls of Awaiting,1a3ad3f7-937e-45dc-bb34-cc133f2215ff,The Elder,27b7b8c3-d870-43f1-b082-6ad2e8596b63,1606067898,2020-11-22 17:58:18
Omnium Gatherum,9319e8ca-75f1-4d43-acba-eb31c9f1c38e,The Burning Cold,89c1206e-ae48-427f-9c05-9be681ecd7fb,Refining Fire,1079616e-1279-4bc9-9606-c52122f2039b,1606066352,2020-11-22 17:32:32
Be'lakor,bc9ffd36-64be-4d41-8034-473f4b524159,Stone's Reach,0072f2fa-42c4-4303-8437-c5fa46aa6606,Held in Hollows,8c5381d5-aa81-3426-ab5d-27c5656d6eb5,1606065803,2020-11-22 17:23:23
Children of Bodom,,Follow the Reaper,1de8f684-73c7-4afd-a0e4-80f4123dd07b,Hate Me,,1606065404,2020-11-22 17:16:44
Mors Principium Est,8d08484c-c532-457a-a04c-2510da38744e,Seven,81626a67-e849-4f16-b585-54acd83dbe07,March To War,e1d0ab1a-514f-47bd-a4a4-0f4339d476f7,1606065105,2020-11-22 17:11:45
Ghost,,Prequelle,,Dance Macabre,028efb9b-963b-4f39-9b52-b0a82b233ab3,1606064884,2020-11-22 17:08:04
The Interrupters,f8ed032c-0d34-4ae6-a069-91417097509e,She's Kerosene,bbec35c0-ca54-4857-b89d-bfaa1768c709,She's Kerosene,126a1d95-f378-440a-a3ab-8d2653f396f8,1605998081,2020-11-21 22:34:41
The Interrupters,f8ed032c-0d34-4ae6-a069-91417097509e,Say It Out Loud,6c2f48d6-deee-4770-912e-2def3356fc3e,She Got Arrested,310a9063-0ef9-4739-a183-2d1be28f9afc,1605997871,2020-11-21 22:31:11
Insomnium,c1f8e226-75ea-4fe6-83ce-59c122bcbca4,Valediction,2470882b-edd8-4bbb-88ef-584590114f26,Valediction,0da0ff2f-4137-4259-8b65-5c7a31a437db,1605997556,2020-11-21 22:25:56
Insomnium,c1f8e226-75ea-4fe6-83ce-59c122bcbca4,Shadows Of The Dying Sun,58941163-302b-4f4c-b66f-56ed96a4def4,While We Sleep,39650fc7-91ab-4a1d-9163-e561bad20009,1605997147,2020-11-21 22:19:07
Insomnium,c1f8e226-75ea-4fe6-83ce-59c122bcbca4,Heart Like a Grave (Bonus Tracks Version),,Heart Like a Grave,13a05a5a-466d-4060-8fe9-1bddb3128643,1605996705,2020-11-21 22:11:45
Morgan Page,,The Longest Road,3f1f0d01-c0e5-4b72-b9dd-e7bf49a360c8,The Longest Road - deadmau5 Remix Edit,,1605981537,2020-11-21 17:58:57
Kaskade,29ed4a49-fb99-4a5c-8713-609cabe6f34a,Beneath with Me (feat. Skylar Grey),,Beneath with Me (feat. Skylar Grey),,1605974855,2020-11-21 16:07:35
deadmau5,4a00ec9d-c635-463a-8cd4-eb61725f0c60,The Veldt,1d5ecbd9-1e98-4609-9ed5-b92017882d00,The Veldt - Radio Edit,1c3f8d9a-c0de-4b3d-a711-617168b90c25,1605974626,2020-11-21 16:03:46
The Pigeon Detectives,2e04a82f-9118-43b1-a918-bf84f122f7fc,Wait For Me,433f038a-f5e1-393d-b9e1-9ff173202b1a,I Can't Control Myself,04e1485a-d78c-4bdd-b728-bdb929525fc3,1605974257,2020-11-21 15:57:37
The Cinematics,,A Strange Education,15cb3b91-8377-4a26-8fb4-4cb2d19376a7,A Strange Education,319a00ce-ba3f-4640-8146-2124c7d6c0d4,1605973914,2020-11-21 15:51:54
The Holloways,ed0c90ee-4cc0-4928-8f61-93dbd7869eb9,So This Is Great Britain?,1ee0f113-0396-4a27-aaec-9782371f7a93,Dancefloor,0f4f748b-7523-37b9-8f9b-0b67743977a0,1605973676,2020-11-21 15:47:56
Look See Proof,09031726-e342-454f-b48a-8c5824b3827f,Tell Me Tell Me Tell Me,,Start Again,21da642b-2c7d-30fc-8401-68b93087196c,1605973676,2020-11-21 15:47:56
Look See Proof,09031726-e342-454f-b48a-8c5824b3827f,Tell Me Tell Me Tell Me,,Start Again,21da642b-2c7d-30fc-8401-68b93087196c,1605973523,2020-11-21 15:45:23
The Pigeon Detectives,2e04a82f-9118-43b1-a918-bf84f122f7fc,Wait For Me,433f038a-f5e1-393d-b9e1-9ff173202b1a,I'm Not Sorry,0817672e-e8f4-3479-85c1-be1ea8684f2d,1605973301,2020-11-21 15:41:41
The Pigeon Detectives,2e04a82f-9118-43b1-a918-bf84f122f7fc,Wait for Me (10th Anniversary Deluxe Edition),f1d553de-cc83-49cd-9a45-050294c20d47,You Better Not Look My Way,0bf17167-5760-3e96-9bc2-fb42eaedb739,1605973034,2020-11-21 15:37:14
The Pigeon Detectives,2e04a82f-9118-43b1-a918-bf84f122f7fc,Wait For Me,433f038a-f5e1-393d-b9e1-9ff173202b1a,Take Her Back,1551267e-8b3d-3c8b-8504-ccf628accc95,1605972836,2020-11-21 15:33:56
TotorRo,7a904d08-e3d4-4766-a1be-ee0c520f6515,,,Come To Mexico,c282a98d-76ed-4ecf-afbd-646674f3f509,1605969340,2020-11-21 14:35:40
1,,,,Home Alone,,1605967351,2020-11-21 14:02:31
Cercle,,,,Einmusik b2b Jonas Saalbach live at Preikestolen in Norway for Cercle,,1605959933,2020-11-21 11:58:53
Joris Delacroix,,,,Aiguilhe,,1605959564,2020-11-21 11:52:44
Omnium Gatherum,9319e8ca-75f1-4d43-acba-eb31c9f1c38e,Grey Heavens,3bc84b99-88db-4bee-8d23-93c2bc8554b5,Majesty and Silence,65c10cf0-21a4-40b2-a605-17c743c04a51,1605920765,2020-11-21 01:06:05
Eluveitie,8000598a-5edb-401c-8e6d-36b167feaf38,The Sacrament Of Sin (Deluxe Version),,Nata Vimpi Cvrmid / Ira Sancti (When the Saints Are Going Wild),2757128c-55c8-483d-b56e-0458a570dcd5,1605920401,2020-11-21 01:00:01
Eluveitie,8000598a-5edb-401c-8e6d-36b167feaf38,Evocation I - The Arcane Dominion,,Brictom,0172e0b3-d1c5-36d9-bba3-8bf92b7c20bc,1605920138,2020-11-21 00:55:38
Eluveitie,8000598a-5edb-401c-8e6d-36b167feaf38,Helvetios,2ba162ca-47e5-431b-b5a7-260740850cdf,Alesia,1884bc87-97f3-4b66-b622-8aea34104260,1605919894,2020-11-21 00:51:34
Eluveitie,8000598a-5edb-401c-8e6d-36b167feaf38,Slania,18e666de-0cb9-4840-a78c-7f5a25812686,Inis Mona,032dcdba-a46d-3cd8-8b7a-e0b86bff2ce5,1605919645,2020-11-21 00:47:25
Jinjer,51b37017-859c-465e-8810-2d2dd41a401e,King of Everything,2c9b8275-d352-4e10-949c-5df1629bc128,Under the Dome,23dcf30d-9450-4e07-854c-5d5391faaf05,1605919251,2020-11-21 00:40:51
Jinjer,51b37017-859c-465e-8810-2d2dd41a401e,King of Everything,2c9b8275-d352-4e10-949c-5df1629bc128,Dip a Sail,4eb9574d-9bcb-4e91-8664-f6e287a3b2cb,1605918997,2020-11-21 00:36:37
Jinjer,51b37017-859c-465e-8810-2d2dd41a401e,No Hoard of Value,98b9911c-b6c7-47ca-8a62-ce005c3c00f2,No Hoard of Value,2c5c9758-c4fd-441b-a0c1-cbc42ac97da5,1605918711,2020-11-21 00:31:51
Metallica,65f4f0c5-ef9e-490c-aee3-909e7ae6b2ab,"Garage, Inc.",,Whiskey in the Jar,008db0d9-80a3-4b15-9783-9a81f9e09b57,1605915802,2020-11-20 23:43:22
Metallica,65f4f0c5-ef9e-490c-aee3-909e7ae6b2ab,Master of Puppets,03e4ebe1-0a44-411c-8e19-78e0768603f8,Master of Puppets,00499db9-73db-36dd-94cd-2ec98c524ffb,1605915291,2020-11-20 23:34:51
Pink Floyd,83d91898-7763-47d7-b03b-b92132375c47,Animals,09e08f00-80f7-41cf-abdd-6af3e3bb2dd2,Pigs (Three Different Ones),0374bbb8-09ec-3ff1-80d5-0bb9e0e644dc,1605914608,2020-11-20 23:23:28
2112,,,,Overture / The Temples Of Syrinx / Discovery / Presentation / Oracle: The Dream /...,,1605913375,2020-11-20 23:02:55
Rush,534ee493-bfac-4575-a44a-0ae41e2c3fe4,Permanent Waves,183463e5-5d79-3084-8589-caaa22dcc20f,The Spirit of Radio,00869386-d75c-4004-b1f8-cba4ae38efa3,1605913074,2020-11-20 22:57:54
Rush,534ee493-bfac-4575-a44a-0ae41e2c3fe4,Moving Pictures,03e9d5ad-790e-3cdd-b51f-38fb4892cb13,Tom Sawyer,001946c9-cfcc-326a-9493-2d92e34e5c1c,1605912769,2020-11-20 22:52:49
The Stone Roses,b5fa29f1-6c22-4321-a488-b5f363b06b06,The Stone Roses,0a556e03-5715-3e98-874d-fb09029e2752,Waterfall,033e0fed-9f6a-3f99-bc31-3530a9bfdf77,1605912480,2020-11-20 22:48:00
Arctic Monkeys,ada7a83c-e3e1-40f1-93f9-3e73dbc9298a,"Whatever People Say I Am, That's What I'm Not",3cb5aa1c-03eb-398f-8a86-aa262cb9eef5,A Certain Romance,02208fa0-784a-3162-8b4a-6b6b5167661a,1605912082,2020-11-20 22:41:22
The Strokes,f181961b-20f7-459e-89de-920ef03c7ed0,The New Abnormal,23f4027a-86db-4e28-bd78-ea078dbc6068,Ode to the Mets,28d078b7-9ce7-4c1f-95cf-f6f85d556eca,1605911727,2020-11-20 22:35:27
Rey Pila,9ec744e5-ad78-43ee-b58d-aa44f5edb12a,The Future Sugar,a612ab98-c304-4b8b-b378-95b4b820694c,Surveillance Camera,feb1af71-7c2a-4221-aa95-6ed4105e2262,1605911482,2020-11-20 22:31:22
Rey Pila,9ec744e5-ad78-43ee-b58d-aa44f5edb12a,Velox Veritas,,Dark Paradise,,1605911122,2020-11-20 22:25:22
New Order,,Singles (2016 Remaster),,Blue Monday - 2016 Remaster,,1605903693,2020-11-20 20:21:33
Morrissey,013fa897-86db-41d3-8e9f-386c8a34f4e6,Years of Refusal,5a3b705f-7d31-416f-9544-c9fa7b43b79e,Something Is Squeezing My Skull,353cd0b2-446d-3853-9107-d2b852baf19b,1605895317,2020-11-20 18:01:57
Joy Division,,Unknown Pleasures,0f55dca9-b076-4fe6-a028-6e5cf85a4f92,Disorder - 2007 Remaster,,1605895109,2020-11-20 17:58:29
Kim Carnes,600c5212-a8e6-458e-bd3f-78b6fbfe329a,Bette Davis Eyes,414a33fd-0daa-49c7-9ca9-9c9809f8cad5,Bette Davis Eyes,0048649b-5518-3ac6-bdea-ce4ea805e333,1605894848,2020-11-20 17:54:08
Iggy Pop,f37b3f31-b1f8-4b88-8cb5-b34f709b17d7,Brick By Brick,10b33123-b36b-437e-bd80-cf71517b82b8,Candy,0a05a666-95d7-4643-aac8-b0afbb112947,1605894587,2020-11-20 17:49:47
David Bowie,,The Rise and Fall of Ziggy Stardust and the Spiders from Mars (2012 Remaster),,Starman - 2012 Remaster,,1605894587,2020-11-20 17:49:47
David Bowie,,The Rise and Fall of Ziggy Stardust and the Spiders from Mars (2012 Remaster),,Starman - 2012 Remaster,,1605894327,2020-11-20 17:45:27
David Bowie,,Diamond Dogs (2016 Remaster),,Rebel Rebel - 2016 Remaster,,1605894327,2020-11-20 17:45:27
David Bowie,,Diamond Dogs (2016 Remaster),,Rebel Rebel - 2016 Remaster,,1605894052,2020-11-20 17:40:52
David Bowie,,Heroes (1999 Remaster),,Heroes - 2017 Remaster,,1605893666,2020-11-20 17:34:26
Mouse on the Keys,6a8744ac-5206-4d4d-84f0-78fc06924a8f,,,an anxious object,,1605840986,2020-11-20 02:56:26
Mouse on the Keys,6a8744ac-5206-4d4d-84f0-78fc06924a8f,,,an anxious object,,1605840091,2020-11-20 02:41:31
Mouse on the Keys,6a8744ac-5206-4d4d-84f0-78fc06924a8f,,,an anxious object,,1605839518,2020-11-20 02:31:58
Mouse on the Keys,6a8744ac-5206-4d4d-84f0-78fc06924a8f,An Anxious Object,1b37210b-50fb-4f3f-8e0c-9d1b89dfe240,Seiren,3d302eae-96ff-3e40-986f-1b80a79adeee,1605839221,2020-11-20 02:27:01
Children of Bodom,f57e14e4-b030-467c-b202-539453f504ec,Hexed (Deluxe Version),,Say Never Look Back,6d116847-5d0d-4882-aed1-366feb078bd2,1605835222,2020-11-20 01:20:22
Children of Bodom,f57e14e4-b030-467c-b202-539453f504ec,Hexed (Deluxe Version),,Say Never Look Back,6d116847-5d0d-4882-aed1-366feb078bd2,1605834959,2020-11-20 01:15:59
Children of Bodom,f57e14e4-b030-467c-b202-539453f504ec,Hatebreeder,35bb4a64-5a5b-35d4-8789-5417ef872ab8,Downfall,073f413b-b7f5-3c2d-aa48-0f608213fdae,1605834670,2020-11-20 01:11:10
Children of Bodom,,Follow the Reaper,1de8f684-73c7-4afd-a0e4-80f4123dd07b,Hate Me,,1605834384,2020-11-20 01:06:24
Children of Bodom,f57e14e4-b030-467c-b202-539453f504ec,Are You Dead Yet?,0c087098-f0ef-4291-b12f-55305d11cfc2,If You Want Peace... Prepare For War,1e9d3e44-4693-3374-b120-791c87ec41a3,1605834116,2020-11-20 01:01:56
The Agonist,d6d9ec73-d0dd-4066-944c-20d4a6d6c7c7,Orphans,2c970291-04ef-4429-96d2-c35ddcd55f73,Orphans,10b4c61d-1b1d-4cf1-9254-442d3f1899cf,1605833317,2020-11-20 00:48:37
The Agonist,d6d9ec73-d0dd-4066-944c-20d4a6d6c7c7,Eye of Providence,00dea249-bec8-49f3-92bc-e0f38f6e4127,Gates of Horn and Ivory,23ed0a5f-0397-423a-949b-86034a1c1a54,1605833050,2020-11-20 00:44:10
The Agonist,d6d9ec73-d0dd-4066-944c-20d4a6d6c7c7,Orphans,2c970291-04ef-4429-96d2-c35ddcd55f73,Mr. Cold,1ff7e1dc-3fce-4ad0-84e1-e8662bafb32e,1605832770,2020-11-20 00:39:30
The Agonist,d6d9ec73-d0dd-4066-944c-20d4a6d6c7c7,Orphans,2c970291-04ef-4429-96d2-c35ddcd55f73,Dust to Dust,2b447099-6b20-4a05-bfd6-71d72565b594,1605832566,2020-11-20 00:36:06
The Agonist,d6d9ec73-d0dd-4066-944c-20d4a6d6c7c7,Five,307de01b-4b2f-4190-a25b-67fa83bb1c53,Take Me To Church,37eade1f-a0e8-41f4-b464-a3f80a7f728d,1605832287,2020-11-20 00:31:27
The Agonist,d6d9ec73-d0dd-4066-944c-20d4a6d6c7c7,Orphans,2c970291-04ef-4429-96d2-c35ddcd55f73,The Gift of Silence,78955dc5-cef6-4cf9-b890-9a12eee12cbe,1605832287,2020-11-20 00:31:27
The Agonist,d6d9ec73-d0dd-4066-944c-20d4a6d6c7c7,Five,307de01b-4b2f-4190-a25b-67fa83bb1c53,Take Me To Church,37eade1f-a0e8-41f4-b464-a3f80a7f728d,1605832059,2020-11-20 00:27:39
The Agonist,,Lullabies Of The Dormant Mind,,"The Tempest (the Siren's Song, The Banshee's Cry)",,1605831773,2020-11-20 00:22:53
The Agonist,d6d9ec73-d0dd-4066-944c-20d4a6d6c7c7,Prisoners,127b850a-735c-4969-be41-cea1bcd3029e,You're Coming With Me,2d664849-9e1d-39dc-afe6-a6dd1fd30873,1605831432,2020-11-20 00:17:12
Cercle,,,,"Joris Delacroix live @ Rooftop Piscine Molitor in Paris, France for Cercle",,1605816838,2020-11-19 20:13:58
Cercle,,,,Christian Löffler live @ Fontaine de Vaucluse in France for Cercle,,1605811863,2020-11-19 18:51:03
Christian Löffler,,,,Ronda,,1605811480,2020-11-19 18:44:40
Joris Delacroix,,,,Aiguilhe,,1605811325,2020-11-19 18:42:05
Cercle,,,,Ben Böhmer live above Cappadocia in Turkey for Cercle,,1605666185,2020-11-18 02:23:05
Ghost,,De Afrekening 65,,Rats,032f0dbf-c427-4bae-93f4-2850b5d556ea,1605580445,2020-11-17 02:34:05
Ghost,,Meliora,5ad39802-a528-4063-b18d-4dee85f4f479,Cirice,0f83ebb7-7853-49bf-a361-06a09f75ffe6,1605579170,2020-11-17 02:12:50
Ghost,,Popestar,55d2f81b-426d-4153-9936-17840fc6f448,Square Hammer,0cb9af9d-3d61-45c3-8b0b-305ab68477b6,1605578921,2020-11-17 02:08:41
Ghost,,Dance Macabre,,Dance Macabre,028efb9b-963b-4f39-9b52-b0a82b233ab3,1605578680,2020-11-17 02:04:40
Vicky Psarakis & Cody Johnstone,,,,My Curse,,1605578053,2020-11-17 01:54:13
Vicky Psarakis & Quentin Cornet,,,,Only For The Weak,,1605577070,2020-11-17 01:37:50
The Agonist,d6d9ec73-d0dd-4066-944c-20d4a6d6c7c7,Orphans,2c970291-04ef-4429-96d2-c35ddcd55f73,As One We Survive,334e8275-0abb-48a4-8121-8df9e8f3a6fe,1605563545,2020-11-16 21:52:25
The Agonist,d6d9ec73-d0dd-4066-944c-20d4a6d6c7c7,Orphans,2c970291-04ef-4429-96d2-c35ddcd55f73,In Vertigo,3aa1b304-3e9d-4aa1-84dc-c5f843bb342c,1605563242,2020-11-16 21:47:22
The Agonist,d6d9ec73-d0dd-4066-944c-20d4a6d6c7c7,Prisoners,127b850a-735c-4969-be41-cea1bcd3029e,Panophobia,aec9f43f-c544-379a-933e-7b04b24fdfde,1605562999,2020-11-16 21:43:19
Jinjer,,,,Perennial (Live at Wacken Open Air 2019),,1605562377,2020-11-16 21:32:57
Jinjer,,,,Judgement (& Punishment) - Tatiana Shmayluk - One Take Vocal Performance,,1605562110,2020-11-16 21:28:30
Jinjer,,,,Pisces (Live Session),,1605561801,2020-11-16 21:23:21
The Agonist,d6d9ec73-d0dd-4066-944c-20d4a6d6c7c7,Orphans,2c970291-04ef-4429-96d2-c35ddcd55f73,Orphans,10b4c61d-1b1d-4cf1-9254-442d3f1899cf,1605559147,2020-11-16 20:39:07
Garasxetia Vigdorcik,,,,The Agonist Orphans,,1605557996,2020-11-16 20:19:56
